index,full_name,sex,age,nationality,Job,Height,picture
0,A.J._Buckley,M,1978,Ireland,Actor,,jpg
1,A.R._Rahman,M,1967,India,Musician,,jpg
2,Aamir_Khan,M,1965,India,Actor,168,jpg
3,Aaron_Tveit,M,1983,USA,Actor,183,jpg
4,Aaron_Yoo,M,1979,USA,Actor,,jpg
5,Abbie_Cornish,F,1982,Austrailia,Actor,173,jpg
6,Abigail_Breslin,F,1996,USA,Actor,155,jpg
7,Abigail_Spencer,F,1981,USA,Actor,165,jpg
8,Adam_Beach,M,1972,Canada,Actor,,jpg
9,Adam_Brody,M,1979,USA,Actor,180,jpg
10,Adam_Copeland,M,1973,Canada,Sports,196,jpg
11,Adam_Driver,M,1983,USA,Actor,189,jpg
12,Adrianne_Curry,F,1982,USA,Actor,179,jpg
13,Adrianne_Palicki,F,1983,USA,Actor,180,jpg
14,Agyness_Deyn,F,1983,UK,Model,173,jpg
15,Aidan_Turner,M,1983,Ireland,Actor,183,jpg
16,Ajay_Devgn,M,1969,India,Actor,175,jpg
17,Akshay_Kumar,M,1967,India,Actor,,jpg
18,Alain_Delon,M,1935,France,Actor,177,jpg
19,Alan_Alda,M,1936,USA,Actor,188,jpg
20,Alan_Cumming,M,1965,Scotland,Actor,178,jpg
21,Alan_Rickman,M,1946,UK,Actor,185,jpg
22,Alan_Tudyk,M,1971,USA,Actor,183,jpg
23,Alba_Rohrwacher,F,1979,Italy,Actor,,jpg
24,Aldis_Hodge,M,1986,USA,Actor,,jpg
25,Alex_Borstein,F,1971,USA,Actor,152,jpg
26,Alex_Kingston,F,1963,UK,Actor,170,jpg
27,Alex_Pettyfer,M,1990,UK,Actor,181,jpg
28,Alex_Trebek,M,1940,Canada,Anchor,173,jpg
29,Alexa_Davalos,F,1982,USA,Actor,170,jpg
30,Alexander_Siddig,M,1965,Sudan,Actor,182,jpg
31,Alexandra_Daddario,F,1986,USA,Actor,173,jpg
32,Alexandra_Roach,F,1987,UK,Actor,,jpg
33,Alexz_Johnson,F,1986,Canada,Musician,,jpg
34,Alfre_Woodard,F,1952,USA,Actor,,jpg
35,Alice_Eve,F,1982,UK,Actor,166,jpg
36,Alicja_Bachleda,F,1983,USA,Actor,168,jpg
37,Alison_Arngrim,F,1962,USA,Actor,162,jpg
38,Alison_Pill,F,1985,Canada,Actor,168,jpg
39,Allison_Williams,F,1988,USA,Actor,167,jpg
40,Amanda_Seyfried,F,1985,USA,Actor,159,jpg
41,Amaury_Nolasco,M,1970,Puertorico,Actor,179,jpg
42,Amber_Riley,F,1986,USA,Actor,,jpg
43,America_Ferrera,F,1984,USA,Actor,155,jpg
44,Amitabh_Bachchan,M,1942,India,Actor,188,jpg
45,Amy_Poehler,F,1971,USA,Actor,157,jpg
46,Amy_Schumer,F,1981,USA,Actor,170,jpg
47,Ana_Gasteyer,F,1967,USA,Actor,,jpg
48,Andre_Braugher,M,1962,USA,Actor,183,jpg
49,Andrea_Riseborough,F,1981,UK,Actor,170,jpg
50,Andrew_Dice_Clay,M,1957,USA,Actor,180,jpg
51,Andrew_Garfield,M,1983,USA,Actor,179,jpg
52,Andrew_Lee_Potts,M,1979,UK,Actor,,jpg
53,Andrew_Rannells,M,1978,USA,Actor,185,jpg
54,Andrew_Scott,M,1976,Ireland,Actor,173,jpg
55,Andy_Richter,M,1966,USA,Actor,188,jpg
56,Andy_Samberg,M,1978,USA,Actor,177,jpg
57,Aneurin_Barnard,M,1987,UK,Actor,175,jpg
58,Ang_Lee,M,1954,China,Director,,jpg
59,Angela_Kinsey,F,1971,USA,Actor,155,jpg
60,Anne_Hathaway,F,1982,USA,Actor,173,jpg
61,Ansel_Elgort,M,1994,USA,Actor,191,jpg
62,Anthony_Anderson,M,1970,USA,Actor,178,jpg
63,Anthony_Mackie,M,1978,USA,Actor,178,jpg
64,Anthony_Rapp,M,1971,USA,Actor,173,jpg
65,Anton_Yelchin,M,1989,Russia,Actor,175,jpg
66,Antonio_Cupo,M,1978,Canada,Actor,185,jpg
67,Arden_Cho,F,1985,USA,Actor,163,jpg
68,Armand_Assante,M,1949,USA,Actor,178,jpg
69,Armie_Hammer,M,1986,USA,Actor,196,jpg
70,Asa_Butterfield,M,1997,UK,Actor,183,jpg
71,Ashley_Greene,F,1987,USA,Actor,165,jpg
72,Ashley_Jensen,F,1969,Scotland,Actor,,jpg
73,Audra_McDonald,F,1970,Germany,Actor,,jpg
74,Audrina_Patridge,F,1985,USA,Actor,171,jpg
75,Avan_Jogia,M,1992,Canada,Actor,178,jpg
76,B.J._Novak,M,1979,USA,Actor,174,jpg
77,Barbara_Eden,F,1931,USA,Actor,162,jpg
78,Barbara_Hershey,F,1948,USA,Actor,,jpg
79,Bear_Grylls,M,1974,UK,Activist,182,jpg
80,Bellamy_Young,F,1970,USA,Actor,170,jpg
81,Ben_Feldman,M,1980,USA,Actor,173,jpg
82,Ben_McKenzie,M,1978,USA,Actor,173,jpg
83,Ben_Stiller,M,1965,USA,Actor,170,jpg
84,Ben_Whishaw,M,1980,UK,Actor,175,jpg
85,Beth_Grant,F,1949,USA,Actor,,jpg
86,Bethany_Mota,F,1995,USA,Actor,163,jpg
87,Betty_White,F,1922,USA,Actor,163,jpg
88,Bill_Nighy,M,1949,UK,Actor,188,jpg
89,Bill_Pullman,M,1953,USA,Actor,187,jpg
90,Billie_Joe_Armstrong,M,1972,USA,Musician,170,jpg
91,Bingbing_Li,F,1973,China,Actor,165,jpg
92,Blair_Underwood,M,1964,USA,Actor,180,jpg
93,Blake_Michael,M,1996,USA,Actor,,jpg
94,Blake_Shelton,M,1976,USA,Musician,196,jpg
95,Bob_Barker,M,1923,USA,Anchor,185,jpg
96,Bobby_Cannavale,M,1970,USA,Actor,188,jpg
97,Bonnie_Wright,F,1991,UK,Actor,168,jpg
98,Booboo_Stewart,M,1994,USA,Actor,173,jpg
99,Brad_Paisley,M,1972,USA,Musician,,jpg
100,Bradley_Steven_Perry,M,1998,USA,Actor,170,jpg
101,Breckin_Meyer,M,1974,USA,Actor,165,jpg
102,Brenda_Blethyn,F,1946,UK,Actor,,jpg
103,Brendan_Gleeson,M,1955,Ireland,Actor,188,png
104,Brett_Davern,M,1992,USA,Actor,175,png
105,Brian_Blessed,M,1936,UK,Actor,175,png
106,Brian_Cox,M,1946,UK,Actor,176,png
107,Brian_Dennehy,M,1938,USA,Actor,190,png
108,Bridget_Moynahan,F,1971,USA,Actor,177,png
109,Bridget_Regan,F,1982,USA,Actor,175,png
110,Brit_Marling,F,1982,USA,Actor,170,png
111,Brooke_Burke-Charvet,F,1971,USA,Actor,170,png
112,Bruce_Boxleitner,M,1950,USA,Actor,,png
113,Bruno_Ganz,M,1941,Switzerland,Actor,168,png
114,Bruno_Mars,M,1985,USA,Musician,165,png
115,Burt_Reynolds,M,1936,USA,Actor,180,png
116,CCH_Pounder,F,1952,USA,Actor,,png
117,Caitriona_Balfe,F,1979,Ireland,Actor,177,png
118,Caity_Lotz,F,1986,USA,Actor,168,png
119,Callan_McAuliffe,M,1995,Austrailia,Actor,178,png
120,Callie_Thorne,F,1969,USA,Actor,,png
121,Cameron_Boyce,M,1999,USA,Actor,168,png
122,Candace_Cameron_Bure,F,1976,USA,Actor,157,png
123,Candice_Accola,F,1987,USA,Actor,173,png
124,Candice_Patton,F,1988,USA,Actor,,png
125,Caroline_Rhea,F,1964,Canada,Actor,,png
126,Carolyn_Hennesy,F,1962,USA,Actor,,png
127,Carrie_Ann_Inaba,F,1968,USA,Actor,,png
128,Carrie_Fisher,F,1956,USA,Actor,155,png
129,Carrie_Underwood,F,1983,USA,Musician,160,png
130,Casey_Affleck,M,1975,USA,Actor,175,png
131,Casey_Wilson,F,1980,USA,Actor,,png
132,Cassandra_Peterson,F,1951,USA,Actor,170,png
133,Caterina_Murino,F,1977,Italy,Actor,,png
134,Caterina_Scorsone,F,1981,Canada,Actor,162,png
135,Catherine_Hardwicke,F,1955,USA,Director,,png
136,Cedric_the_Entertainer,M,1964,USA,Actor,,png
137,Celia_Imrie,F,1952,UK,Actor,,png
138,Chace_Crawford,M,1985,USA,Actor,183,png
139,Chadwick_Boseman,M,1976,USA,Actor,183,png
140,Charice,F,1992,Philippines ,Musician,155,png
141,Charles_Dance,M,1946,UK,Actor,191,png
142,Charles_S._Dutton,M,1951,USA,Actor,179,png
143,Charlie_Day,M,1976,USA,Actor,170,png
144,Charlotte_Gainsbourg,F,1971,UK,Actor,,png
145,Chazz_Palminteri,M,1952,USA,Actor,191,png
146,Chelsea_Handler,F,1975,USA,Actor,168,png
147,Cher,F,1946,USA,Musician,174,png
148,Cheryl_Ladd,F,1951,USA,Actor,163,png
149,Chi_McBride,M,1961,USA,Actor,194,png
150,Chiwetel_Ejiofor,M,1977,UK,Actor,178,png
151,Chloe_Bennet,F,1992,USA,Actor,167,png
152,Chloe_Dykstra,F,1988,USA,Actor,,png
153,Chris_Colfer,M,1990,USA,Actor,179,png
154,Chris_Hemsworth,M,1983,Austrailia,Actor,190,png
155,Chris_Lowell,M,1984,USA,Actor,,png
156,Chris_Martin,M,1977,UK,Musician,186,png
157,Chris_Messina,M,1974,USA,Actor,175,png
158,Chris_Pine,M,1980,USA,Actor,183,png
159,Christian_Kane,M,1972,USA,Actor,174,png
160,Christina_Hendricks,F,1975,USA,Actor,171,png
161,Christina_Ricci,F,1980,USA,Actor,155,png
162,Christopher_Mintz-Plasse,M,1989,USA,Actor,173,png
163,Cierra_Ramirez,F,1995,USA,Actor,155,png
164,Cilla_Black,F,1943,UK,Musician,,png
165,Cillian_Murphy,M,1976,Ireland,Actor,175,png
166,Cindy_Williams,F,1947,USA,Actor,163,png
167,Claudia_Black,F,1972,Austrailia,Actor,,png
168,Claudia_Lee,F,1996,USA,Actor,168,png
169,Cliff_Curtis,M,1968,New Zealand ,Actor,184,png
170,Clive_Owen,M,1964,UK,Actor,189,png
171,Colin_Donnell,M,1982,USA,Actor,179,png
172,Constance_Zimmer,F,1970,USA,Actor,,png
173,Corbin_Bleu,M,1989,USA,Actor,174,png
174,Corey_Stoll,M,1976,USA,Actor,187,png
175,Cory_Monteith,M,1982,Canada,Actor,192,png
176,Costas_Mandylor,M,1965,Austrailia,Actor,,png
177,Cote_de_Pablo,F,1979,USA,Actor,169,png
178,Cristin_Milioti,F,1985,USA,Actor,158,png
179,Cyndi_Lauper,F,1953,USA,Musician,160,png
180,Dakota_Fanning,F,1994,USA,Actor,163,png
181,Damian_Lewis,M,1971,UK,Actor,185,png
182,Damon_Lindelof,M,1973,USA,Writer,,png
183,Damon_Wayans,M,1960,USA,Actor,188,png
184,Dan_Aykroyd,M,1952,Canada,Actor,185,png
185,Dan_Fogler,M,1976,USA,Actor,170,png
186,Dan_Stevens,M,1982,UK,Actor,183,png
187,Dana_Delany,F,1956,USA,Actor,167,png
188,Dane_Cook,M,1972,USA,Actor,183,png
189,Danica_McKellar,F,1975,USA,Actor,163,png
190,Daniel_Auteuil,M,1950,France,Actor,170,png
191,Daniel_Craig,M,1968,UK,Actor,178,png
192,Daniel_Dae_Kim,M,1968,Korea,Actor,175,png
193,Daniel_Tosh,M,1975,Germany,Actor,191,png
194,Danielle_Campbell,F,1995,USA,Actor,160,png
195,Danielle_Panabaker,F,1987,USA,Actor,168,png
196,Danny_Dyer,M,1977,UK,Actor,183,png
197,Danny_McBride,M,1976,USA,Actor,178,png
198,Danny_Pino,M,1974,USA,Actor,183,png
199,Darren_Criss,M,1987,USA,Actor,173,png
200,Dave_Bautista,M,1969,USA,Actor,190,png
201,Dave_Foley,M,1963,Canada,Actor,,png
202,David_Attenborough,M,1926,UK,Broadcaster ,,png
203,David_Cassidy,M,1950,USA,Actor,,png
204,David_Faustino,M,1974,USA,Actor,160,png
205,David_Giuntoli,M,1980,USA,Actor,180,png
206,David_Harewood,M,1965,UK,Actor,183,png
207,David_Henrie,M,1989,USA,Actor,180,png
208,David_Jason,M,1940,UK,Actor,168,png
209,David_Koechner,M,1962,USA,Actor,188,png
210,David_Kross,M,1990,Germany,Actor,181,png
211,David_Letterman,M,1947,USA,Comedian,188,png
212,David_Lyons,M,1976,Austrailia,Actor,,png
213,David_Mamet,M,1947,USA,Writer,,png
214,David_Mazouz,M,2001,USA,Actor,173,png
215,David_Morrissey,M,1964,UK,Actor,191,png
216,David_Morse,M,1953,USA,Actor,193,png
217,David_Oyelowo,M,1976,UK,Actor,175,png
218,David_Schwimmer,M,1966,USA,Actor,185,png
219,David_Suchet,M,1946,UK,Actor,170,png
220,David_Tennant,M,1971,UK,Actor,185,png
221,David_Warner,M,1941,UK,Actor,188,png
222,David_Wenham,M,1965,Austrailia,Actor,178,png
223,David_Zayas,M,1962,USA,Actor,,png
224,Dawn_French,F,1957,UK,Actor,152,png
225,Dawn_Wells,F,1938,USA,Actor,163,png
226,Dean_Cain,M,1966,USA,Actor,182,png
227,Debi_Mazar,F,1964,USA,Actor,,png
228,Debra_Jo_Rupp,F,1951,USA,Actor,158,png
229,Deidre_Hall,F,1947,USA,Actor,170,png
230,Della_Reese,F,1931,USA,Musician,,png
231,Demian_Bichir,M,1963,Mexico,Actor,178,png
232,Denis_Leary,M,1957,USA,Actor,188,png
233,Denise_Crosby,F,1957,USA,Actor,,png
234,Derek_Jacobi,M,1938,UK,Actor,,png
235,Derek_Mears,M,1972,USA,Actor,196,png
236,Derek_Theler,M,1986,USA,Actor,196,png
237,Dermot_Mulroney,M,1963,USA,Actor,177,png
238,Diablo_Cody,F,1978,USA,Writer,,png
239,Diane_Keaton,F,1946,USA,Actor,169,png
240,Diane_Kruger,F,1976,Germany,Actor,170,png
241,Dick_Van_Dyke,M,1925,USA,Actor,185,png
242,Diego_Klattenhoff,M,1979,Canada,Actor,180,png
243,Diego_Luna,M,1979,Mexico,Actor,178,png
244,Diogo_Morgado,M,1981,Portugal,Actor,190,png
245,Domhnall_Gleeson,M,1983,Ireland,Actor,185,png
246,Dominic_Cooper,M,1978,UK,Actor,177,png
247,Don_Rickles,M,1926,USA,Comedian,,png
248,Donal_Logue,M,1966,Canada,Actor,,png
249,Donald_Glover,M,1983,USA,Actor,178,png
250,Donald_Sutherland,M,1935,Canada,Actor,193,png
251,Donna_Mills,F,1940,USA,Actor,,png
252,Donna_Murphy,F,1959,USA,Actor,,png
253,Donnie_Yen,M,1963,Hong Kong,Actor,173,png
254,Dot-Marie_Jones,F,1964,USA,Actor,191,png
255,Douglas_Booth,M,1992,UK,Actor,185,png
256,Dougray_Scott,M,1965,UK,Actor,183,png
257,Doutzen_Kroes,F,1985,Netherlands,Model,179,png
258,Dove_Cameron,F,1996,USA,Actor,157,png
259,Dr._Dre,M,1965,USA,Musician,,png
260,Drake_Bell,M,1986,USA,Musician,,png
261,Drea_de_Matteo,F,1972,USA,Actor,168,png
262,Dreama_Walker,F,1986,USA,Actor,157,png
263,Drew_Carey,M,1958,USA,Actor,178,png
264,Drew_Roy,M,1986,USA,Actor,180,png
265,Dustin_Milligan,M,1985,Canada,Actor,179,png
266,Dyan_Cannon,F,1937,USA,Actor,,png
267,Dylan_McDermott,M,1961,USA,Actor,183,png
268,Dylan_Moran,M,1971,Ireland,Comedian,,png
269,Eartha_Kitt,F,1927,USA,Musician,,png
270,Ed_Westwick,M,1987,UK,Actor,175,png
271,Eddie_Griffin,M,1968,USA,Actor,170,png
272,Eddie_Izzard,M,1962,England,Actor,170,png
273,Eddie_Kaye_Thomas,M,1980,USA,Actor,,png
274,Eddie_McClintock,M,1967,USA,Actor,,png
275,Edgar_Wright,M,1974,UK,Director,170,png
276,Eduardo_Noriega,M,1973,Spain,Actor,180,png
277,Edward_Asner,M,1929,USA,Actor,170,png
278,Efren_Ramirez,M,1973,USA,Actor,170,png
279,Elaine_Cassidy,F,1979,Ireland,Actor,,png
280,Elaine_Hendrix,F,1970,USA,Actor,173,png
281,Eleanor_Tomlinson,F,1992,UK,Actor,171,png
282,Eli_Roth,M,1972,USA,Director,182,png
283,Eli_Wallach,M,1915,USA,Actor,178,png
284,Elisabeth_Moss,F,1982,USA,Actor,160,png
285,Elle_Fanning,F,1998,USA,Actor,175,png
286,Ellen_Burstyn,F,1932,USA,Actor,,png
287,Ellen_Wong,F,1985,Canada,Actor,,png
288,Elodie_Yung,F,1981,France,Actor,165,png
289,Emile_Hirsch,M,1985,USA,Actor,170,png
290,Emily_Atack,F,1989,UK,Actor,,png
291,Emraan_Hashmi,M,1979,India,Actor,173,png
292,Eoin_Macken,M,1983,Ireland,Actor,,png
293,Eric_Braeden,M,1941,Germany,Actor,185,png
294,Eric_Dane,M,1972,USA,Actor,185,png
295,Eric_McCormack,M,1963,Canada,Actor,180,png
296,Eric_Roberts,M,1956,USA,Actor,178,png
297,Erik_Estrada,M,1949,USA,Actor,177,png
298,Erin_Andrews,F,1978,USA,Broadcaster ,178,png
299,Ernest_Borgnine,M,1917,USA,Actor,175,png
300,Ernie_Hudson,M,1945,USA,Actor,183,png
301,Esai_Morales,M,1962,USA,Actor,178,png
302,Estelle_Harris,F,1928,USA,Actor,,png
303,Eugene_Levy,M,1946,Canada,Actor,178,png
304,Eugenio_Derbez,M,1961,Mexico,Actor,179,png
305,Eva_Green,F,1980,France,Actor,168,png
306,Eva_Longoria,F,1975,USA,Actor,157,jpg
307,Evanna_Lynch,F,1991,Ireland,Actor,158,png
308,Ezra_Miller,M,1992,USA,Actor,180,png
309,Fanny_Ardant,F,1949,France,Actor,174,png
310,Farrah_Abraham,F,1991,USA,Broadcaster ,170,png
311,Fawad_Khan,M,1981,Pakistan,Actor,178,png
312,Felicia_Day,F,1979,USA,Actor,165,png
313,Felicity_Jones,F,1983,UK,Actor,160,png
314,Fergie,F,1975,USA,Musician,163,png
315,Finola_Hughes,F,1959,UK,Actor,165,png
316,Fiona_Shaw,F,1958,Ireland,Actor,,png
317,Florence_Henderson,F,1934,USA,Actor,,png
318,Forest_Whitaker,M,1961,USA,Actor,188,png
319,Francia_Raisa,F,1988,USA,Actor,160,png
320,Fred_Williamson,M,1938,USA,Actor,191,png
321,Freddie_Highmore,M,1992,UK,Actor,178,png
322,Freema_Agyeman,F,1979,UK,Actor,,png
323,Freida_Pinto,F,1984,India,Actor,166,png
324,Garrett_Hedlund,M,1984,USA,Actor,189,png
325,Garry_Marshall,M,1934,USA,Actor,,png
326,Gary_Busey,M,1944,USA,Actor,182,png
327,Gaspard_Ulliel,M,1984,France,Actor,180,png
328,Gates_McFadden,F,1949,USA,Actor,172,png
329,Geena_Davis,F,1956,USA,Actor,183,png
330,Gemma_Arterton,F,1986,UK,Actor,170,png
331,Gemma_Atkinson,F,1984,UK,Model,175,png
332,Geri_Halliwell,F,1972,UK,Musician,155,png
333,Gilles_Marini,M,1976,France,Actor,185,png
334,Gillian_Jacobs,F,1982,USA,Actor,163,png
335,Gina_Carano,F,1982,USA,Actor,173,png
336,Ginger_Rogers,F,1911,USA,Actor,164,png
337,Ginnifer_Goodwin,F,1978,USA,Actor,168,png
338,Giovanni_Ribisi,M,1974,USA,Actor,171,png
339,Giuliana_Rancic,F,1974,Italy,Broadcaster ,,png
340,Glen_Hansard,M,1970,Ireland,Musician,,png
341,Glenn_Close,F,1947,USA,Actor,165,png
342,Gloria_Steinem,F,1934,USA,Journalist,,png
343,Golshifteh_Farahani,F,1983,Iran,Actor,169,png
344,Goran_Visnjic,M,1972,Croatia,Actor,193,png
345,Gordon_Ramsay,M,1966,UK,Chef,187,png
346,Grant_Bowler,M,1968,New Zealand ,Actor,,png
347,Greer_Garson,F,1904,USA,Actor,,png
348,Greg_Finley,M,1984,USA,Actor,183,png
349,Greg_Grunberg,M,1966,USA,Actor,,png
350,Gregg_Sulkin,M,1992,UK,Actor,175,png
351,Greta_Gerwig,F,1983,USA,Actor,173,png
352,Gugu_Mbatha-Raw,F,1983,UK,Actor,162,png
353,Guillaume_Canet,M,1973,France,Actor,180,png
354,Guy_Pearce,M,1967,UK,Actor,180,png
355,Gwendoline_Christie,F,1978,UK,Actor,191,png
356,Hailee_Steinfeld,F,1996,USA,Actor,173,png
357,Hal_Sparks,M,1969,USA,Actor,,png
358,Hannah_Simone,F,1980,UK,Actor,170,png
359,Hannah_Spearritt,F,1981,UK,Actor,,png
360,Hans_Zimmer,M,1957,Germany,Writer,,png
361,Harry_Connick_Jr.,M,1967,USA,Musician,185,png
362,Harry_Shum_Jr.,M,1982,Costa Rica ,Actor,180,png
363,Harry_Treadaway,M,1984,UK,Actor,,png
364,Harvey_Keitel,M,1939,USA,Actor,171,png
365,Hayley_Marie_Norman,F,1984,USA,Actor,,png
366,Heather_Graham,F,1970,USA,Actor,173,png
367,Hector_Elizondo,M,1936,USA,Actor,,png
368,Heidi_Montag,F,1986,USA,Musician,157,png
369,Heike_Makatsch,F,1971,Germany,Actor,173,png
370,Helena_Bonham_Carter,F,1966,UK,Actor,157,png
371,Henry_Cavill,M,1983,UK,Actor,185,png
372,Hilarie_Burton,F,1982,USA,Actor,171,png
373,Hilary_Swank,F,1974,USA,Actor,168,png
374,Hill_Harper,M,1966,USA,Actor,170,png
375,Holliday_Grainger,F,1988,UK,Actor,155,png
376,Hope_Solo,F,1981,USA,Soccer Player,175,png
377,Howie_Mandel,M,1955,Canada,Actor,178,png
378,Hugh_Bonneville,M,1963,UK,Actor,187,png
379,Hugh_Dancy,M,1975,UK,Actor,180,png
380,Hugh_Jackman,M,1968,Austrailia,Actor,188,png
381,Hugh_Laurie,M,1959,UK,Actor,189,png
382,Hunter_Parrish,M,1987,USA,Actor,170,png
383,Hye-kyo_Song,F,1981,Korea,Actor,161,png
384,Iain_Glen,M,1961,UK,Actor,185,png
385,Ian_Somerhalder,M,1978,USA,Model,177,png
386,Idina_Menzel,F,1971,USA,Actor,163,png
387,Imelda_Staunton,F,1956,UK,Actor,152,png
388,India_de_Beaufort,F,1987,UK,Actor,,png
389,Indira_Varma,F,1973,UK,Actor,171,png
390,Ingrid_Bergman,F,1915,Sweden,Actor,175,png
391,Irina_Shayk,F,1986,Russia,Actor,178,png
392,Irrfan_Khan,M,1967,India,Actor,183,png
393,Isla_Fisher,F,1976,Austrailia,Actor,160,png
394,Iwan_Rheon,M,1985,UK,Actor,173,png
395,Izabella_Scorupco,F,1970,Poland,Actor,174,png
396,J.J._Abrams,M,1966,USA,Director,170,png
397,J.K._Simmons,M,1955,USA,Actor,178,png
398,Jack_Black,M,1969,USA,Actor,168,png
399,Jack_Coleman,M,1958,USA,Actor,,png
400,Jack_Davenport,M,1973,UK,Actor,185,png
401,Jack_Griffo,M,1996,USA,Actor,173,png
402,Jack_Lemmon,M,1925,USA,Actor,,png
403,Jack_Reynor,M,1992,USA,Actor,183,png
404,Jack_Whitehall,M,1988,UK,Comedian,185,png
405,Jacob_Latimore,M,1996,USA,Musician,170,png
406,Jacqueline_Emerson,F,1994,USA,Actor,,png
407,Jacqueline_Fernandez,F,1985,Sri Lanka,Actor,170,png
408,Jacqueline_MacInnes_Wood,F,1987,Canada,Actor,173,png
409,Jai_Courtney,M,1986,Austrailia,Actor,185,png
410,Jaime_Winstone,F,1985,USA,Actor,,png
411,Jake_Abel,M,1987,USA,Actor,185,png
412,Jake_Johnson,M,1978,USA,Actor,178,png
413,Jake_T._Austin,M,1994,USA,Actor,173,png
414,Jamel_Debbouze,M,1975,France,Actor,165,png
415,James_Badge_Dale,M,1978,USA,Actor,180,png
416,James_Cosmo,M,1948,UK,Actor,188,png
417,James_Cromwell,M,1940,USA,Actor,201,png
418,James_Earl_Jones,M,1931,USA,Actor,187,png
419,James_Frain,M,1968,UK,Actor,183,png
420,James_Lafferty,M,1985,USA,Actor,188,png
421,James_Lipton,M,1926,USA,Actor,,png
422,James_Marsden,M,1973,USA,Actor,178,png
423,James_Maslow,M,1990,USA,Musician,185,png
424,James_Nesbitt,M,1965,UK,Actor,182,png
425,James_Purefoy,M,1964,UK,Actor,185,png
426,James_Roday,M,1976,USA,Actor,175,png
427,James_Woods,M,1947,USA,Actor,180,png
428,Jamie-Lynn_Sigler,F,1981,USA,Actor,165,png
429,Jamie_Chung,F,1983,USA,Actor,167,png
430,Jamie_Foxx,M,1967,USA,Actor,175,png
431,Jana_Kramer,F,1983,USA,Actor,163,png
432,Jane_Badler,F,1953,USA,Actor,,png
433,Janeane_Garofalo,F,1964,USA,Actor,155,png
434,Janel_Parrish,F,1988,USA,Actor,157,png
435,Janet_Jackson,F,1966,USA,Musician,163,png
436,Janet_McTeer,F,1961,UK,Actor,185,png
437,Janet_Montgomery,F,1985,UK,Actor,,png
438,Janice_Dickinson,F,1955,USA,Model,178,png
439,Janina_Gavankar,F,1980,USA,Actor,170,png
440,Janine_Turner,F,1962,USA,Actor,,png
441,January_Jones,F,1978,USA,Actor,168,png
442,Jared_Harris,M,1961,UK,Actor,182,png
443,Jared_Leto,M,1971,USA,Actor,180,png
444,Jasika_Nicole,F,1980,USA,Actor,,png
445,Jasmine_Guy,F,1962,USA,Actor,,png
446,Jason_Bateman,M,1969,USA,Actor,180,png
447,Jason_Clarke,M,1969,Austrailia,Actor,187,png
448,Jason_David_Frank,M,1973,USA,Actor,180,png
449,Jason_Dohring,M,1982,USA,Actor,,png
450,Jason_Earles,M,1977,USA,Actor,165,png
451,Jason_Mantzoukas,M,1972,USA,Comedian,,png
452,Jason_Segel,M,1980,USA,Actor,193,png
453,Jay_Baruchel,M,1982,Canada,Actor,188,png
454,Jean-Marc_Barr,M,1960,France,Actor,180,png
455,Jean-Paul_Belmondo,M,1933,France,Actor,176,png
456,Jean_Reno,M,1948,France,Actor,188,png
457,Jean_Smart,F,1951,USA,Actor,176,png
458,Jeanine_Mason,F,1991,USA,Actor,163,png
459,Jeannie_Mai,F,1979,USA,Artist,162,png
460,Jeff_Daniels,M,1955,USA,Actor,189,png
461,Jeff_Garlin,M,1962,USA,Actor,185,png
462,Jeff_Goldblum,M,1952,USA,Actor,194,png
463,Jeffrey_Donovan,M,1968,USA,Actor,183,png
464,Jeffrey_Tambor,M,1944,USA,Actor,185,png
465,Jeffrey_Wright,M,1965,USA,Actor,,png
466,Jemaine_Clement,M,1974,New Zealand ,Actor,185,png
467,Jen_Lilley,F,1988,USA,Actor,157,png
468,Jenifer_Lewis,F,1957,USA,Actor,,png
469,Jenna_Coleman,F,1986,UK,Actor,157,png
470,Jenna_Fischer,F,1974,USA,Actor,168,png
471,Jennette_McCurdy,F,1992,USA,Actor,157,png
472,Jennifer_Beals,F,1963,USA,Actor,173,png
473,Jennifer_Carpenter,F,1979,USA,Actor,174,png
474,Jennifer_Coolidge,F,1961,USA,Actor,178,png
475,Jennifer_Ehle,F,1969,USA,Actor,170,png
476,Jennifer_Esposito,F,1973,USA,Actor,168,png
477,Jennifer_Saunders,F,1958,UK,Actor,,png
478,Jenny_Slate,F,1982,USA,Actor,163,png
479,Jensen_Ackles,M,1978,USA,Actor,186,png
480,Jeremy_Clarkson,M,1960,UK,Broadcaster ,196,png
481,Jeremy_Irons,M,1948,UK,Actor,187,png
482,Jeremy_Irvine,M,1990,UK,Actor,185,png
483,Jeremy_Piven,M,1965,USA,Actor,175,png
484,Jeremy_Renner,M,1971,USA,Actor,175,png
485,Jeremy_Shada,M,1997,USA,Actor,173,png
486,Jeremy_Sisto,M,1974,USA,Actor,187,png
487,Jerry_Ferrara,M,1979,USA,Actor,163,png
488,Jerry_Trainor,M,1977,USA,Actor,188,png
489,Jesse_Eisenberg,M,1983,USA,Actor,171,png
490,Jesse_McCartney,M,1987,USA,Musician,176,png
491,Jesse_Metcalfe,M,1978,USA,Actor,177,png
492,Jesse_Spencer,M,1979,Austrailia,Actor,178,png
493,Jesse_Williams,M,1981,USA,Actor,187,png
494,Jessica_De_Gouw,F,1988,Austrailia,Actor,,png
495,Jessica_Lowndes,F,1988,Canada,Actor,163,png
496,Jessie_J,F,1988,UK,Musician,175,png
497,Jet_Li,M,1963,China,Actor,168,png
498,Jill_Scott,F,1972,USA,Musician,,png
499,Jillian_Harris,F,1979,Canada,Broadcaster ,,png
500,Jillian_Michaels,F,1974,USA,Trainer,159,png
501,Jim_Broadbent,M,1949,UK,Actor,187,png
502,Jim_Caviezel,M,1968,USA,Actor,188,png
503,Jim_Jefferies,M,1977,Austrailia,Comedian,177,png
504,Jim_Sturgess,M,1978,UK,Actor,184,png
505,Jimmy_Fallon,M,1974,USA,Broadcaster ,183,png
506,Joan_Allen,F,1956,USA,Actor,178,png
507,Joan_Chen,F,1961,China,Actor,,png
508,Joan_Cusack,F,1962,USA,Actor,175,png
509,Joan_Rivers,F,1933,USA,Comedian,,png
510,Joanna_Krupa,F,1979,Poland,Actor,170,png
511,Joanna_Lumley,F,1946,UK,Actor,173,png
512,Joanne_Froggatt,F,1980,UK,Actor,157,png
513,Joaquim_de_Almeida,M,1957,USA,Actor,,png
514,Joe_Flanigan,M,1967,USA,Actor,188,png
515,Joel_Edgerton,M,1974,Austrailia,Actor,180,png
516,Joel_Kinnaman,M,1979,Sweden,Actor,189,png
517,Joel_McHale,M,1971,Italy,Comedian,193,png
518,John_Abraham,M,1972,India,Actor,183,png
519,John_Amos,M,1939,USA,Actor,181,png
520,John_Barrowman,M,1967,UK,Actor,183,png
521,John_Carroll_Lynch,M,1963,USA,Actor,191,png
522,John_Cho,M,1972,Korea,Actor,178,png
523,John_Cleese,M,1939,UK,Actor,196,png
524,John_Corbett,M,1961,USA,Actor,196,png
525,John_DiMaggio,M,1968,USA,Actor,,png
526,John_Francis_Daley,M,1985,USA,Actor,183,png
527,John_Gallagher_Jr.,M,1984,USA,Actor,175,png
528,John_Goodman,M,1952,USA,Actor,188,png
529,John_Hawkes,M,1959,USA,Actor,,png
530,John_Hodgman,M,1971,USA,Writer,,png
531,John_Hurt,M,1940,UK,Actor,175,png
532,John_Krasinski,M,1979,USA,Actor,191,png
533,John_Larroquette,M,1947,USA,Actor,193,png
534,John_Lasseter,M,1957,USA,Producer,,png
535,John_Lloyd_Young,M,1975,USA,Actor,,png
536,John_Mulaney,M,1982,USA,Comedian,185,png
537,John_Nettles,M,1943,UK,Actor,178,png
538,John_Noble,M,1948,Austrailia,Actor,,png
539,John_Oliver,M,1977,UK,Comedian,183,png
540,John_Rhys-Davies,M,1944,UK,Actor,185,png
541,John_Simm,M,1970,UK,Actor,,png
542,John_Slattery,M,1962,USA,Actor,178,png
543,John_Terry,M,1980,UK,Soccer Player,187,png
544,John_Turturro,M,1957,USA,Actor,184,png
545,Johnathon_Schaech,M,1969,USA,Actor,,png
546,Johnny_Galecki,M,1975,USA,Actor,165,png
547,Jon_Favreau,M,1966,USA,Director,183,png
548,Jon_Huertas,M,1976,USA,Actor,,png
549,Jon_Lovitz,M,1957,USA,Actor,,png
550,Jon_Pertwee,M,1919,UK,Actor,,png
551,Jon_Seda,M,1970,USA,Actor,173,png
552,Jonathan_Jackson,M,1982,USA,Actor,,png
553,Jonathan_Rhys_Meyers,M,1977,Ireland,Actor,178,png
554,Jordan_Gavaris,M,1989,Canada,Actor,,png
555,Jordana_Brewster,F,1980,USA,Actor,170,png
556,Jordin_Sparks,F,1989,USA,Musician,178,png
557,Jorge_Garcia,M,1973,USA,Actor,183,png
558,Jorja_Fox,F,1968,USA,Actor,178,png
559,Joseph_Gordon-Levitt,M,1981,USA,Actor,176,png
560,Josh_Brolin,M,1968,USA,Actor,179,png
561,Josh_Duhamel,M,1972,USA,Actor,192,png
562,Josh_Gad,M,1981,USA,Actor,168,png
563,Josh_Groban,M,1981,USA,Musician,180,png
564,Josh_Henderson,M,1981,USA,Actor,180,png
565,Josh_Peck,M,1986,USA,Actor,183,png
566,Josh_Radnor,M,1974,USA,Actor,182,png
567,Joss_Stone,F,1987,UK,Musician,178,png
568,Joss_Whedon,M,1964,USA,Director,,png
569,Judith_Light,F,1949,USA,Actor,,png
570,Judy_Sheindlin,F,1942,USA,Lawyer,155,png
571,Julia_Louis-Dreyfus,F,1961,USA,Actor,160,png
572,Julia_Roberts,F,1967,USA,Actor,175,png
573,Julia_Stiles,F,1981,USA,Actor,173,png
574,Julian_Sands,M,1958,UK,Actor,180,png
575,Julianne_Hough,F,1988,USA,Musician,160,png
576,Julianne_Nicholson,F,1971,USA,Actor,175,png
577,Julie_Chen,F,1970,USA,Broadcaster ,164,png
578,Julie_Gonzalo,F,1981,Argentina,Actor,173,png
579,Julie_Walters,F,1950,UK,Actor,,png
580,Justine_Ezarik,F,1984,USA,Actor,160,png
581,Kal_Penn,M,1977,USA,Actor,178,png
582,Kangana_Ranaut,F,1987,India,Actor,173,png
583,Karan_Brar,M,1999,USA,Actor,165,png
584,Karl_Malden,M,1912,USA,Actor,185,png
585,Karla_Souza,F,1985,Mexico,Actor,163,png
586,Karoline_Herfurth,F,1984,Germany,Actor,164,png
587,Kat_Dennings,F,1986,USA,Actor,161,png
588,Kate_Beckinsale,F,1973,UK,Actor,170,png
589,Kate_Flannery,F,1964,USA,Actor,,png
590,Kate_Mansi,F,1987,USA,Actor,,png
591,Kate_Mara,F,1983,USA,Actor,160,png
592,Kate_McKinnon,F,1984,USA,Actor,161,png
593,Kate_Mulgrew,F,1955,USA,Actor,165,png
594,Kate_Voegele,F,1986,USA,Musician,,png
595,Kate_Walsh,F,1967,USA,Actor,178,png
596,Katee_Sackhoff,F,1980,USA,Actor,168,png
597,Katey_Sagal,F,1954,USA,Actor,,png
598,Katharine_McPhee,F,1984,USA,Musician,173,png
599,Katherine_Heigl,F,1978,USA,Actor,174,png
600,Katherine_Jenkins,F,1980,UK,Musician,,png
601,Katherine_McNamara,F,1995,USA,Actor,164,png
602,Katheryn_Winnick,F,1977,Canada,Actor,168,png
603,Kathie_Lee_Gifford,F,1953,France,Broadcaster ,165,png
604,Kathleen_Robertson,F,1973,Canada,Actor,,png
605,Kathryn_Hahn,F,1973,USA,Actor,165,png
606,Kathryn_Joosten,F,1939,USA,Actor,,png
607,Kathryn_McCormick,F,1990,USA,Actor,,png
608,Kathryn_Prescott,F,1991,UK,Actor,,png
609,Kathy_Griffin,F,1960,USA,Actor,160,png
610,Katie_Aselton,F,1978,USA,Actor,,png
611,Katie_Cleary,F,1981,USA,Actor,,png
612,Katie_Leclerc,F,1986,USA,Actor,,png
613,Katie_Stevens,F,1992,USA,Actor,159,png
614,Katy_Perry,F,1984,USA,Musician,170,png
615,Kaya_Scodelario,F,1992,UK,Actor,168,png
616,Kayvan_Novak,M,1978,UK,Actor,,png
617,Keegan_Allen,M,1989,USA,Actor,185,png
618,Keegan_Connor_Tracy,F,1971,Canada,Actor,,png
619,Keeley_Hawes,F,1976,UK,Actor,173,png
620,Kel_Mitchell,M,1978,USA,Actor,180,png
621,Kellan_Lutz,M,1985,USA,Actor,185,png
622,Kelli_Berglund,F,1996,USA,Actor,160,png
623,Kelli_Giddish,F,1980,USA,Actor,170,png
624,Kelli_Williams,F,1970,USA,Actor,165,png
625,Kelly_Brook,F,1979,UK,Model,168,png
626,Kelly_Macdonald,F,1976,UK,Actor,160,png
627,Kelly_Monaco,F,1976,USA,Model,160,png
628,Kelly_Reilly,F,1977,UK,Actor,168,png
629,Kelly_Rutherford,F,1968,USA,Actor,,png
630,Ken_Jeong,M,1969,USA,Actor,165,png
631,Ken_Marino,M,1968,USA,Actor,,png
632,Kenan_Thompson,M,1978,USA,Actor,173,png
633,Kendra_Wilkinson,F,1985,USA,Model,163,png
634,Kenny_Rogers,M,1938,USA,Musician,,png
635,Kenton_Duty,M,1995,USA,Actor,192,png
636,Kenya_Moore,F,1971,USA,Actor,178,png
637,Keri_Hilson,F,1982,USA,Musician,175,png
638,Keri_Russell,F,1976,USA,Actor,163,png
639,Kesha,F,1987,USA,Musician,175,png
640,Kevin_Bacon,M,1958,USA,Actor,178,png
641,Kevin_Clash,M,1960,USA,Actor,,png
642,Kevin_McHale,M,1957,USA,Player,208,png
643,Kevin_Smith,M,1970,USA,Writer,175,png
644,Kid_Rock,M,1971,USA,Musician,,png
645,Kiefer_Sutherland,M,1966,UK,Actor,175,png
646,Kiernan_Shipka,F,1999,USA,Actor,157,png
647,Kierston_Wareing,F,1978,UK,Actor,,png
648,Kim_Raver,F,1969,USA,Actor,172,png
649,Kim_Zolciak-Biermann,F,1978,USA,Musician,175,png
650,Kimberly_Elise,F,1967,USA,Actor,,png
651,Kimberly_Williams-Paisley,F,1971,USA,Actor,165,png
652,Kirsten_Vangsness,F,1972,USA,Actor,170,png
653,Kodi_Smit-McPhee,M,1996,Austrailia,Actor,188,png
654,Kris_Jenner,F,1955,USA,Broadcaster ,168,png
655,Kristen_Bell,F,1980,USA,Actor,155,png
656,Kristen_Johnston,F,1967,USA,Actor,183,png
657,Kristen_Schaal,F,1978,USA,Actor,,png
658,Kristen_Stewart,F,1990,USA,Actor,165,png
659,Kristen_Wiig,F,1973,USA,Actor,165,png
660,Kristian_Alfonso,F,1963,USA,Actor,,png
661,Kriti_Sanon,F,1990,India,Actor,175,png
662,Kuno_Becker,M,1978,Mexico,Actor,,png
663,Kyle_MacLachlan,M,1959,USA,Actor,183,png
664,Kyle_Richards,F,1969,USA,Actor,157,png
665,Kylie_Minogue,F,1968,Austrailia,Musician,152,png
666,Kym_Whitley,F,1961,USA,Comedian,,png
667,La_La_Anthony,F,1979,USA,Broadcaster ,168,png
668,Lacey_Turner,F,1988,UK,Actor,160,png
669,Laura_Benanti,F,1979,USA,Actor,,png
670,Laura_Carmichael,F,1986,UK,Actor,,png
671,Laura_Dern,F,1967,USA,Actor,179,png
672,Laura_Haddock,F,1985,UK,Actor,172,png
673,Lauryn_Hill,F,1975,USA,Musician,,png
674,Lavell_Crawford,M,1968,USA,Comedian,178,png
675,Laverne_Cox,F,1972,USA,Actor,180,png
676,Laz_Alonso,M,1974,USA,Actor,183,png
677,Lea_Michele,F,1986,USA,Actor,159,png
678,Lea_Salonga,F,1971,Philippines ,Musician,,png
679,Lea_Thompson,F,1961,USA,Actor,163,png
680,Lena_Horne,F,1917,USA,Musician,,png
681,Leonor_Watling,F,1975,Spain,Actor,,png
682,Lesley_Manville,F,1956,UK,Actor,,png
683,Leslie_Bibb,F,1974,USA,Actor,175,png
684,Leslie_Mann,F,1972,USA,Actor,169,png
685,Lily_Cole,F,1987,UK,Actor,179,png
686,Lily_Collins,F,1989,UK,Actor,165,png
687,Lin_Shaye,F,1943,USA,Actor,,png
688,Linda_Cardellini,F,1975,USA,Actor,160,png
689,Linda_Evans,F,1942,USA,Actor,172,png
690,Linda_Gray,F,1940,USA,Actor,172,png
691,Linda_Lavin,F,1937,USA,Actor,,png
692,Lindsay_Duncan,F,1950,UK,Actor,,png
693,Lindsey_Morgan,F,1990,USA,Actor,165,png
694,Lisa_Edelstein,F,1966,USA,Actor,168,png
695,Lisa_Kudrow,F,1963,USA,Actor,173,png
696,Lisa_Ray,F,1972,Canada,Actor,163,png
697,Lisa_Rinna,F,1963,USA,Actor,170,png
698,Lisa_Whelchel,F,1963,USA,Actor,,png
699,Lizzy_Caplan,F,1982,USA,Actor,163,png
700,Loan_Chabanol,F,1982,France,Actor,,png
701,Lolo_Jones,F,1982,USA,Player,175,png
702,Lorde,F,1996,New Zealand ,Musician,,png
703,Lorenza_Izzo,F,1989,Chile ,Actor,173,png
704,Loretta_Devine,F,1949,USA,Actor,,png
705,Loretta_Swit,F,1937,USA,Actor,168,png
706,Lotte_Verbeek,F,1982,Netherlands,Actor,168,png
707,Lou_Diamond_Phillips,M,1962,Philippines ,Actor,185,png
708,Lou_Ferrigno,M,1951,USA,Actor,194,png
709,Louis_C.K.,M,1967,USA,Actor,183,png
710,Louis_Theroux,M,1970,USA,Director,,png
711,Luc_Besson,M,1959,France,Director,,png
712,Lucas_Cruikshank,M,1993,USA,Actor,173,png
713,Lucas_Grabeel,M,1984,USA,Actor,170,png
714,Lucie_Arnaz,F,1951,USA,Actor,178,png
715,Lucy_Hale,F,1989,USA,Actor,157,png
716,Lucy_Punch,F,1977,UK,Actor,173,png
717,Ludacris,M,1977,USA,Musician,173,png
718,Luke_Arnold,M,1984,Austrailia,Actor,,png
719,Luke_Evans,M,1979,UK,Actor,183,png
720,Luke_Newberry,M,1990,UK,Actor,,png
721,Maggie_Gyllenhaal,F,1977,USA,Actor,175,png
722,Malin_Akerman,F,1978,Canada,Actor,173,png
723,Mallika_Sherawat,F,1976,India,Actor,169,png
724,Mamie_Gummer,F,1983,USA,Actor,,png
725,Mandy_Patinkin,M,1952,USA,Actor,185,png
726,Manish_Dayal,M,1983,USA,Actor,,png
727,Marc_Blucas,M,1972,USA,Actor,188,png
728,Marc_Forster,M,1969,Germany,Director,,png
729,Marc_Webb,M,1974,USA,Director,,png
730,Marcia_Cross,F,1962,USA,Actor,178,png
731,Marcia_Gay_Harden,F,1959,USA,Actor,,png
732,Margo_Martindale,F,1951,USA,Actor,,png
733,Margot_Robbie,F,1990,Austrailia,Actor,168,png
734,Maria_Bamford,F,1970,USA,Comedian,,png
735,Maria_Canals-Barrera,F,1966,USA,Actor,,png
736,Maria_Grazia_Cucinotta,F,1968,Italy,Actor,177,png
737,Maria_Menounos,F,1978,USA,Actor,173,png
738,Maria_Sharapova,F,1987,Russia,Player,188,png
739,Maria_de_Medeiros,F,1965,Portugal,Actor,,png
740,Marie_Avgeropoulos,F,1986,Canada,Actor,165,png
741,Marie_Osmond,F,1959,USA,Musician,165,png
742,Mariel_Hemingway,F,1961,USA,Actor,180,png
743,Marilu_Henner,F,1952,USA,Actor,170,png
744,Mario_Casas,M,1986,Spain,Actor,180,png
745,Mario_Lopez,M,1973,USA,Actor,178,png
746,Marion_Cotillard,F,1975,France,Actor,169,png
747,Marion_Ross,F,1928,USA,Actor,,png
748,Marisa_Miller,F,1978,USA,Actor,173,jpg
749,Mark_Feuerstein,M,1971,USA,Actor,173,png
750,Mark_Gatiss,M,1966,UK,Actor,185,png
751,Mark_Hamill,M,1951,USA,Actor,175,png
752,Mark_Harmon,M,1951,USA,Actor,183,png
753,Mark_Ruffalo,M,1967,USA,Actor,173,png
754,Mark_Sheppard,M,1964,UK,Actor,174,png
755,Mark_Strong,M,1963,UK,Actor,188,png
756,Mark_Webber,M,1976,Austrailia,Player,184,png
757,Marla_Gibbs,F,1931,USA,Actor,,png
758,Martin_Clunes,M,1961,UK,Actor,189,png
759,Martin_Henderson,M,1975,New Zealand ,Actor,178,png
760,Martin_Kove,M,1946,USA,Actor,185,png
761,Martin_Shaw,M,1945,UK,Actor,174,png
762,Martine_McCutcheon,F,1976,UK,Actor,,png
763,Mary-Louise_Parker,F,1964,USA,Actor,173,png
764,Mary_Elizabeth_Winstead,F,1984,USA,Actor,173,png
765,Mary_Lynn_Rajskub,F,1971,USA,Actor,,png
766,Mary_McDonnell,F,1952,USA,Actor,,png
767,Mathieu_Amalric,M,1965,France,Actor,,png
768,Mathieu_Kassovitz,M,1967,France,Actor,177,png
769,Mathilda_May,F,1965,France,Actor,178,png
770,Matt_Bomer,M,1977,USA,Actor,182,png
771,Matt_Dallas,M,1982,USA,Actor,183,png
772,Matt_Lanter,M,1983,USA,Actor,178,png
773,Matt_Smith,M,1982,UK,Actor,182,png
774,Matthew_Fox,M,1966,USA,Actor,188,png
775,Matthew_Goode,M,1978,UK,Actor,187,png
776,Matthew_Lillard,M,1970,USA,Actor,191,png
777,Matthew_Macfadyen,M,1974,UK,Actor,191,png
778,Matthew_Modine,M,1959,USA,Actor,193,png
779,Matthew_Morrison,M,1978,USA,Actor,183,png
780,Max_Adler,M,1986,USA,Actor,,png
781,Max_Irons,M,1985,UK,Actor,188,png
782,Max_Schneider,M,1992,USA,Musician,,png
783,Max_Thieriot,M,1988,USA,Actor,180,png
784,Maya_Rudolph,F,1972,USA,Actor,,png
785,Meat_Loaf,M,1947,USA,Musician,,png
786,Megan_Fox,F,1986,USA,Actor,163,png
787,Meghan_Trainor,F,1993,USA,Musician,164,png
788,Melissa_George,F,1976,Austrailia,Actor,171,png
789,Melissa_Leo,F,1960,USA,Actor,,png
790,Melissa_McCarthy,F,1970,USA,Actor,157,png
791,Melissa_Peterman,F,1971,USA,Actor,178,png
792,Melissa_Rauch,F,1980,USA,Actor,150,png
793,Melissa_Rycroft,F,1983,USA,Broadcaster ,160,png
794,Melody_Thomas_Scott,F,1956,USA,Actor,,png
795,Melora_Hardin,F,1967,USA,Actor,165,png
796,Mena_Suvari,F,1979,USA,Actor,161,png
797,Meredith_Baxter,F,1947,USA,Actor,,png
798,Mia_Wasikowska,F,1989,Austrailia,Actor,162,png
799,Michael_Bay,M,1965,USA,Director,185,png
800,Michael_C._Hall,M,1971,USA,Actor,177,png
801,Michael_Cera,M,1988,Canada,Actor,175,png
802,Michael_Copon,M,1982,USA,Actor,,png
803,Michael_Crichton,M,1942,USA,Writer,206,png
804,Michael_Cudlitz,M,1964,USA,Actor,188,png
805,Michael_Jai_White,M,1967,USA,Actor,185,png
806,Michael_K._Williams,M,1966,USA,Actor,178,png
807,Michael_Kelly,M,1969,USA,Actor,178,png
808,Michael_Madsen,M,1958,USA,Actor,188,png
809,Michael_Mando,M,1981,Canada,Actor,,png
810,Michael_Muhney,M,1975,USA,Actor,185,png
811,Michael_Shannon,M,1974,USA,Actor,190,png
812,Michael_Socha,M,1987,UK,Actor,,png
813,Michael_Trevino,M,1985,USA,Actor,175,png
814,Michael_Weatherly,M,1968,USA,Actor,188,png
815,Michaela_Conlin,F,1978,USA,Actor,172,jpg
816,Michelle_Dockery,F,1981,UK,Actor,173,png
817,Michelle_Keegan,F,1987,UK,Actor,163,png
818,Michelle_Krusiec,F,1974,USA,Actor,,png
819,Michelle_Monaghan,F,1976,USA,Actor,170,png
820,Michelle_Stafford,F,1965,USA,Actor,172,png
821,Michelle_Williams,F,1980,USA,Actor,163,png
822,Mila_Kunis,F,1983,USA,Actor,163,png
823,Miles_Teller,M,1987,USA,Actor,183,png
824,Miley_Cyrus,F,1992,USA,Actor,165,png
825,Milla_Jovovich,F,1975,USA,Model,174,png
826,Mindy_Kaling,F,1979,USA,Actor,163,png
827,Mira_Furlan,F,1955,Croatia,Actor,,png
828,Miranda_Cosgrove,F,1993,USA,Actor,168,png
829,Miranda_Hart,F,1972,UK,Actor,185,png
830,Miranda_Kerr,F,1983,Austrailia,Model,175,png
831,Miranda_Lambert,F,1983,USA,Musician,,png
832,Miranda_Richardson,F,1958,UK,Actor,,png
833,Miriam_Margolyes,F,1941,UK,Actor,155,png
834,Mischa_Barton,F,1986,UK,Actor,175,png
835,Misha_Collins,M,1974,USA,Actor,183,png
836,Missi_Pyle,F,1972,USA,Actor,180,png
837,Mitchel_Musso,M,1991,USA,Musician,170,png
838,Molly_Ringwald,F,1968,USA,Actor,173,png
839,Molly_Shannon,F,1964,USA,Actor,,png
840,Monica_Raymund,F,1986,USA,Actor,170,png
841,Moon_Bloodgood,F,1975,USA,Actor,,png
842,Moran_Atias,F,1981,Israel,Actor,,png
843,Morena_Baccarin,F,1979,Brazil,Actor,171,png
844,Moritz_Bleibtreu,M,1971,Germany,Actor,173,png
845,MyAnna_Buring,F,1979,Sweden,Actor,,png
846,Mya,F,1979,USA,Musician,164,png
847,Nadia_Bjorlin,F,1980,USA,Actor,173,png
848,Nana_Visitor,F,1957,USA,Actor,172,png
849,Nancy_Cartwright,F,1957,USA,Actor,,png
850,Naomie_Harris,F,1976,UK,Actor,173,png
851,Naseeruddin_Shah,M,1950,India,Actor,178,png
852,Natalia_Tena,F,1984,UK,Actor,166,png
853,Natalie_Dormer,F,1982,UK,Actor,168,png
854,Natalie_Martinez,F,1984,USA,Actor,172,png
855,Natalie_Portman,F,1981,USA,Director,160,png
856,Natalie_Zea,F,1975,USA,Actor,165,png
857,Natascha_McElhone,F,1969,UK,Actor,173,png
858,Nate_Parker,M,1979,USA,Actor,,png
859,Nathalie_Emmanuel,F,1989,UK,Actor,170,png
860,Nathan_Fillion,M,1971,Canada,Actor,187,png
861,Nathaniel_Buzolic,M,1983,Austrailia,Actor,185,png
862,Naturi_Naughton,F,1984,USA,Actor,152,png
863,Nazanin_Boniadi,F,1980,Iran,Actor,162,png
864,NeNe_Leakes,F,1967,USA,Actor,178,png
865,Neal_McDonough,M,1966,USA,Actor,183,png
866,Neil_Gaiman,M,1960,UK,Writer,,png
867,Neil_deGrasse_Tyson,M,1958,USA,Scientist,,png
868,Nelly,M,1974,USA,Musician,173,png
869,Nelly_Furtado,F,1978,Canada,Musician,158,png
870,Neve_Campbell,F,1973,Canada,Actor,170,png
871,Niall_Horan,M,1993,Ireland,Musician,173,png
872,Nichelle_Nichols,F,1932,USA,Actor,,png
873,Nick_Kroll,M,1978,USA,Actor,175,png
874,Nick_Thune,M,1979,USA,Actor,196,png
875,Nicki_Minaj,F,1982,USA,Musician,157,png
876,Nicola_Peltz,F,1995,USA,Actor,166,png
877,Nicole_Beharie,F,1985,USA,Actor,155,png
878,Nicole_Richie,F,1981,USA,Broadcaster ,155,png
879,Nicole_Scherzinger,F,1978,USA,Musician,165,png
880,Nikolaj_Coster-Waldau,M,1970,Denmark,Actor,187,png
881,Nina_Arianda,F,1984,USA,Actor,,png
882,Nina_Hoss,F,1975,Germany,Actor,,png
883,Noah_Emmerich,M,1965,USA,Actor,,png
884,Noel_Clarke,M,1975,UK,Actor,,png
885,Noel_Fielding,M,1973,UK,Comedian,180,png
886,Noomi_Rapace,F,1979,Sweden,Actor,163,png
887,Norman_Reedus,M,1969,USA,Actor,178,png
888,Octavia_Spencer,F,1970,USA,Actor,,png
889,Odette_Annable,F,1985,USA,Actor,174,png
890,Odeya_Rush,F,1997,USA,Actor,163,png
891,Olga_Kurylenko,F,1979,France,Actor,175,png
892,Oliver_Platt,M,1960,Canada,Actor,192,png
893,Olivia_Colman,F,1974,UK,Actor,170,png
894,Olivia_Cooke,F,1993,UK,Actor,166,png
895,Olivia_Holt,F,1997,USA,Actor,161,png
896,Olivia_Munn,F,1980,USA,Model,163,png
897,Olivia_Thirlby,F,1986,USA,Actor,163,png
898,Olivia_Wilde,F,1984,Ireland,Actor,171,png
899,Olivia_Williams,F,1968,UK,Actor,,png
900,Om_Puri,M,1950,India,Actor,,png
901,Omari_Hardwick,M,1974,USA,Actor,179,png
902,Oona_Chaplin,F,1986,Spain,Actor,170,png
903,Oscar_Isaac,M,1979,Guatemala ,Actor,174,png
904,Pablo_Schreiber,M,1978,Canada,Actor,196,png
905,Paddy_Considine,M,1973,UK,Actor,,png
906,Padma_Lakshmi,F,1970,USA,Writer,175,png
907,Paget_Brewster,F,1969,USA,Actor,173,png
908,Paloma_Faith,F,1981,UK,Musician,,png
909,Pamela_Adlon,F,1966,USA,Actor,152,png
910,Paolo_Sorrentino,M,1970,Italy,Director,,png
911,Parineeti_Chopra,F,1988,India,Actor,167,png
912,Pat_Monahan,M,1969,USA,Musician,181,png
913,Patrick_Dempsey,M,1966,USA,Actor,179,png
914,Patrick_Duffy,M,1949,USA,Actor,187,png
915,Patrick_Fugit,M,1982,USA,Actor,,png
916,Patrick_Swayze,M,1952,USA,Actor,178,png
917,Patrick_Wilson,M,1973,USA,Actor,185,png
918,Patton_Oswalt,M,1969,USA,Comedian,161,png
919,Paul_Dano,M,1984,USA,Actor,180,png
920,Paul_Feig,M,1962,USA,Actor,,png
921,Paul_Giamatti,M,1967,USA,Actor,174,png
922,Paul_Gross,M,1959,Canada,Actor,,png
923,Paul_McGann,M,1959,UK,Actor,174,png
924,Paul_Reubens,M,1952,USA,Actor,178,png
925,Paul_Scheer,M,1976,USA,Actor,,png
926,Paul_Sorvino,M,1939,USA,Actor,189,png
927,Paul_Wesley,M,1982,USA,Actor,180,png
928,Penn_Jillette,M,1955,USA,Magician,199,png
929,Pete_Wentz,M,1979,USA,Musician,168,png
930,Peter_Berg,M,1964,USA,Actor,,png
931,Peter_Capaldi,M,1958,UK,Actor,183,png
932,Peter_Coyote,M,1941,USA,Actor,,png
933,Peter_Facinelli,M,1973,USA,Actor,177,png
934,Peter_Jackson,M,1961,New Zealand ,Director,,png
935,Peter_Jacobson,M,1965,USA,Actor,168,png
936,Philip_Glenister,M,1963,UK,Actor,183,png
937,Phyllis_Diller,F,1917,USA,Actor,,png
938,Pierfrancesco_Favino,M,1969,Italy,Actor,180,png
939,Pierre_Niney,M,1989,France,Actor,177,png
940,Pooja_Kumar,F,1977,USA,Actor,,png
941,Poppy_Montgomery,F,1972,Austrailia,Actor,163,png
942,Preity_Zinta,F,1975,India,Actor,163,png
943,Prince,M,1958,USA,Musician,157,png
944,Quentin_Tarantino,M,1963,USA,Director,185,png
945,RZA,M,1969,USA,Musician,188,png
946,Rachel_Dratch,F,1966,USA,Actor,,png
947,Rachel_McAdams,F,1978,Canada,Actor,163,png
948,Rade_Serbedzija,M,1946,Croatia,Actor,178,png
949,Raini_Rodriguez,F,1993,USA,Actor,157,png
950,Rainn_Wilson,M,1966,USA,Director,189,png
951,Ralf_Little,M,1980,UK,Actor,,png
952,Ralph_Macchio,M,1961,USA,Actor,175,png
953,Rami_Malek,M,1981,USA,Actor,175,png
954,Ranbir_Kapoor,M,1982,India,Actor,183,png
955,Randeep_Hooda,M,1976,India,Actor,180,png
956,Randolph_Mantooth,M,1945,USA,Actor,185,png
957,Raoul_Bova,M,1971,Italy,Actor,181,png
958,Ray_Winstone,M,1957,UK,Actor,178,png
959,Reba_McEntire,F,1955,USA,Musician,170,png
960,Rebecca_Mader,F,1977,UK,Actor,170,png
961,Rebel_Wilson,F,1980,Austrailia,Actor,159,png
962,Reece_Ritchie,M,1986,UK,Actor,,png
963,Reggie_Lee,M,1975,Philippines ,Actor,174,png
964,Regina_Hall,F,1970,USA,Actor,163,png
965,Reid_Scott,M,1977,USA,Actor,,png
966,Rene_Auberjonois,M,1940,USA,Actor,,png
967,Retta,F,1970,USA,Comedian,,png
968,Rhys_Darby,M,1974,New Zealand ,Actor,177,png
969,Rhys_Ifans,M,1967,UK,Actor,188,png
970,Richard_Ayoade,M,1977,UK,Actor,188,png
971,Richard_Dean_Anderson,M,1950,USA,Actor,185,png
972,Richard_E._Grant,M,1957,UK,Actor,,png
973,Richard_Hammond,M,1969,UK,Broadcaster ,170,png
974,Richard_Kind,M,1956,USA,Actor,,png
975,Richard_Madden,M,1986,UK,Actor,177,png
976,Ricky_Gervais,M,1961,UK,Actor,173,png
977,Rico_Rodriguez,M,1998,USA,Actor,175,png
978,Rik_Mayall,M,1958,UK,Actor,182,png
979,Riley_Smith,M,1978,USA,Actor,,png
980,Rita_Ora,F,1990,UK,Musician,166,png
981,Riz_Ahmed,M,1982,UK,Actor,172,png
982,Rob_Brydon,M,1965,UK,Actor,170,png
983,Rob_Corddry,M,1971,USA,Actor,180,png
984,Rob_Dyrdek,M,1974,USA,Actor,171,png
985,Rob_Reiner,M,1947,USA,Director,188,png
986,Rob_Riggle,M,1970,USA,Actor,191,png
987,Robbie_Amell,M,1988,Canada,Actor,180,png
988,Robbie_Kay,M,1995,UK,Actor,175,png
989,Robert_Carlyle,M,1961,UK,Actor,173,png
990,Robert_Davi,M,1951,USA,Actor,,png
991,Robert_Pattinson,M,1986,UK,Actor,185,png
992,Robert_Picardo,M,1953,USA,Actor,178,png
993,Robert_Sheehan,M,1988,Ireland,Actor,183,png
994,Robert_Vaughn,M,1932,USA,Actor,178,png
995,Roger_Ebert,M,1942,USA,Writer,,png
996,Roma_Downey,F,1960,Ireland,Actor,,png
997,Romeo_Miller,M,1989,USA,Musician,,png
998,Ron_Jeremy,M,1953,USA,Actor,168,jpg
999,Ron_Livingston,M,1967,USA,Actor,179,png
1000,Ron_Perlman,M,1950,USA,Actor,185,png
1001,Ronda_Rousey,F,1987,USA,Player,170,png
1002,Rooney_Mara,F,1985,USA,Actor,160,png
1003,Rory_Kennedy,F,1968,USA,Producer,,png
1004,Rose_McIver,F,1988,New Zealand ,Actor,162,png
1005,Roshon_Fegan,M,1991,USA,Actor,173,png
1006,Rosie_Huntington-Whiteley,F,1987,UK,Model,175,png
1007,Rowan_Atkinson,M,1955,UK,Actor,180,png
1008,Ruby_Dee,F,1922,USA,Actor,,png
1009,Rue_McClanahan,F,1934,USA,Actor,160,png
1010,Russell_Peters,M,1970,Canada,Actor,180,png
1011,Russell_Tovey,M,1981,UK,Actor,177,png
1012,Ruta_Lee,F,1935,Canada,Actor,,png
1013,Rutger_Hauer,M,1944,Netherlands,Actor,185,png
1014,Ruth_Jones,F,1966,UK,Actor,,png
1015,Ruth_Wilson,F,1982,UK,Actor,168,png
1016,Ryan_Kwanten,M,1976,Austrailia,Actor,178,png
1017,Ryan_McPartlin,M,1975,USA,Actor,190,png
1018,Ryan_Ochoa,M,1996,USA,Actor,165,png
1019,Ryan_Phillippe,M,1974,USA,Actor,175,png
1020,Ryan_Potter,M,1995,USA,Actor,173,png
1021,S._Epatha_Merkerson,F,1952,USA,Actor,,png
1022,Sally_Hawkins,F,1976,UK,Actor,157,png
1023,Sam_Heughan,M,1980,UK,Actor,191,png
1024,Sam_Neill,M,1947,New Zealand ,Actor,182,png
1025,Sam_Palladio,M,1986,UK,Actor,188,png
1026,Sam_Raimi,M,1959,USA,Director,,png
1027,Sam_Riley,M,1980,UK,Actor,185,png
1028,Sam_Trammell,M,1969,USA,Actor,,png
1029,Sam_Waterston,M,1940,USA,Actor,185,png
1030,Sam_Worthington,M,1976,UK,Actor,178,png
1031,Samantha_Barks,F,1990,UK,Musician,170,png
1032,Samira_Wiley,F,1987,USA,Actor,161,png
1033,Sammi_Hanratty,F,1995,USA,Actor,,png
1034,Sammy_Davis_Jr.,M,1925,USA,Actor,165,png
1035,Samuel_L._Jackson,M,1948,USA,Actor,189,png
1036,Sanaa_Lathan,F,1971,USA,Actor,170,png
1037,Sandra_Bernhard,F,1955,USA,Comedian,178,png
1038,Sandra_Oh,F,1971,Canada,Actor,168,png
1039,Santiago_Cabrera,M,1978,Chile ,Actor,183,png
1040,Sara_Gilbert,F,1975,USA,Actor,,png
1041,Sara_Ramirez,F,1975,Mexico,Actor,175,png
1042,Sarah_Bolger,F,1991,Ireland,Actor,159,png
1043,Sarah_Drew,F,1980,USA,Actor,164,png
1044,Sarah_Gadon,F,1987,Canada,Actor,160,png
1045,Sarah_Hyland,F,1990,USA,Actor,157,png
1046,Sarah_Palin,F,1964,USA,Politician,165,png
1047,Sarah_Paulson,F,1974,USA,Actor,168,png
1048,Sarah_Wayne_Callies,F,1977,USA,Actor,174,png
1049,Sasha_Pieterse,F,1996,USA,Actor,168,png
1050,Scott_Bakula,M,1954,USA,Actor,183,png
1051,Scott_Porter,M,1979,USA,Actor,182,png
1052,Scott_Speedman,M,1975,Canada,Actor,180,png
1053,Sean_Bean,M,1959,UK,Actor,179,png
1054,Sean_Connery,M,1930,UK,Director,189,png
1055,Sean_Kanan,M,1966,USA,Actor,180,png
1056,Sean_Maher,M,1975,USA,Actor,,png
1057,Sean_Patrick_Flanery,M,1965,USA,Actor,,png
1058,Sean_Pertwee,M,1964,UK,Actor,183,png
1059,Seann_William_Scott,M,1976,USA,Actor,180,png
1060,Sebastian_De_Souza,M,1993,UK,Actor,175,png
1061,Sela_Ward,F,1956,USA,Actor,171,png
1062,Selma_Blair,F,1972,USA,Actor,160,png
1063,Sendhil_Ramamurthy,M,1974,USA,Actor,,png
1064,Senta_Berger,F,1941,Austrailia,Actor,163,png
1065,Serinda_Swan,F,1984,Canada,Actor,170,png
1066,Seth_Green,M,1974,USA,Actor,163,png
1067,Seth_MacFarlane,M,1973,USA,Actor,178,png
1068,Seth_Meyers,M,1973,USA,Actor,183,png
1069,Seth_Rogen,M,1982,Canada,Actor,180,png
1070,Shahid_Kapoor,M,1981,India,Actor,174,png
1071,Shailene_Woodley,F,1991,USA,Actor,173,png
1072,Shane_West,M,1978,USA,Actor,182,png
1073,Shannen_Doherty,F,1971,USA,Actor,160,png
1074,Sharlto_Copley,M,1973,South Africa,Actor,183,png
1075,Sharni_Vinson,F,1983,Austrailia,Actor,,png
1076,Sharon_Gless,F,1943,USA,Actor,,png
1077,Shay_Mitchell,F,1987,Canada,Actor,171,png
1078,Shemar_Moore,M,1970,USA,Actor,185,png
1079,Sheridan_Smith,F,1981,UK,Actor,157,png
1080,Sherri_Saum,F,1974,USA,Actor,170,png
1081,Sherri_Shepherd,F,1967,USA,Actor,155,png
1082,Sheryl_Lee_Ralph,F,1956,USA,Actor,,png
1083,Shiloh_Fernandez,M,1985,USA,Actor,,png
1084,Shiri_Appleby,F,1978,USA,Actor,159,png
1085,Shirley_Manson,F,1966,UK,Musician,170,png
1086,Shohreh_Aghdashloo,F,1952,Iran,Actor,,png
1087,Shonda_Rhimes,F,1970,USA,Producer,,png
1088,Shraddha_Kapoor,F,1987,India,Actor,168,png
1089,Sidharth_Malhotra,M,1985,India,Actor,185,png
1090,Sidse_Babett_Knudsen,F,1968,Denmark,Actor,,png
1091,Sienna_Guillory,F,1975,UK,Actor,,png
1092,Silas_Weir_Mitchell,M,1829,USA,Doctor,,png
1093,Simon_Baker,M,1969,Austrailia,Actor,178,png
1094,Simon_Callow,M,1949,UK,Actor,,png
1095,Simon_Pegg,M,1970,UK,Actor,178,png
1096,Skylar_Astin,M,1987,USA,Actor,178,png
1097,Smokey_Robinson,M,1940,USA,Musician,,png
1098,Sofia_Coppola,F,1971,USA,Director,164,png
1099,Sonam_Kapoor,F,1985,India,Actor,177,png
1100,Sonja_Sohn,F,1964,USA,Actor,,png
1101,Sophie_Okonedo,F,1968,UK,Actor,,png
1102,Spencer_Boldman,M,1992,USA,Actor,188,png
1103,Stacy_Keach,M,1941,USA,Actor,182,png
1104,Stan_Lee,M,1922,USA,Writer,180,png
1105,Stana_Katic,F,1978,Canada,Actor,175,png
1106,Stanley_Tucci,M,1960,USA,Actor,172,png
1107,Stefanie_Powers,F,1942,USA,Actor,170,png
1108,Stephen_Baldwin,M,1966,USA,Actor,178,png
1109,Stephen_Colbert,M,1964,USA,Comedian,180,png
1110,Stephen_Fry,M,1957,UK,Actor,196,png
1111,Stephen_Lang,M,1952,USA,Actor,179,png
1112,Stephen_Mangan,M,1968,UK,Actor,,png
1113,Stephen_Merchant,M,1974,UK,Writer,201,png
1114,Sterling_Knight,M,1989,USA,Actor,177,png
1115,Steve_Burton,M,1970,USA,Actor,180,png
1116,Steve_Carell,M,1962,USA,Comedian,175,png
1117,Steve_Harvey,M,1957,USA,Comedian,188,png
1118,Steve_Jobs,M,1955,USA,Entrepreneur,,png
1119,Steve_Martin,M,1945,USA,Actor,183,png
1120,Steven_Bauer,M,1956,USA,Actor,185,png
1121,Steven_Berkoff,M,1937,UK,Actor,,png
1122,Steven_Moffat,M,1961,UK,Writer,,png
1123,Steven_R._McQueen,M,1988,USA,Actor,183,png
1124,Steven_Soderbergh,M,1963,USA,Director,,png
1125,Steven_Yeun,M,1983,Korea,Actor,175,png
1126,Stevie_Wonder,M,1950,USA,Musician,,png
1127,Sung_Kang,M,1972,Korea,Actor,183,png
1128,Sunny_Leone,F,1981,Canada,Actor,163,png
1129,Suraj_Sharma,M,1994,India,Actor,,png
1130,Susan_Lucci,F,1946,USA,Actor,155,png
1131,Susanne_Bier,F,1960,Denmark,Director,,png
1132,Suzanne_Pleshette,F,1937,USA,Actor,,png
1133,Sydney_Pollack,M,1934,USA,Director,,png
1134,T.J._Miller,M,1981,USA,Actor,188,png
1135,Tabu,F,1971,India,Actor,174,png
1136,Tahj_Mowry,M,1986,USA,Actor,168,png
1137,Tahmoh_Penikett,M,1975,Canada,Actor,,png
1138,Tamala_Jones,F,1974,USA,Actor,,png
1139,Tamara_Taylor,F,1970,Canada,Actor,,png
1140,Tamara_Tunie,F,1959,USA,Actor,,png
1141,Tamer_Hassan,M,1968,UK,Actor,190,png
1142,Tamera_Mowry-Housley,F,1978,USA,Actor,164,png
1143,Tamsin_Greig,F,1966,UK,Actor,,png
1144,Tanya_Tate,F,1979,UK,Model,,png
1145,Taraji_P._Henson,F,1970,USA,Actor,165,png
1146,Taryn_Manning,F,1978,USA,Actor,158,png
1147,Tatiana_Maslany,F,1985,Canada,Actor,163,png
1148,Tatyana_Ali,F,1979,USA,Actor,162,png
1149,Tavi_Gevinson,F,1996,USA,Writer,,png
1150,Taylor_Kitsch,M,1981,Canada,Actor,181,png
1151,Taylor_Lautner,M,1992,USA,Actor,174,png
1152,Taylor_Momsen,F,1993,USA,Musician,173,png
1153,Taylor_Swift,F,1989,USA,Musician,178,png
1154,Teala_Dunn,F,1996,USA,Actor,159,png
1155,Ted_Danson,M,1947,USA,Actor,188,png
1156,Terence_Stamp,M,1938,UK,Actor,183,png
1157,Teri_Hatcher,F,1964,USA,Actor,168,png
1158,Terrence_Howard,M,1969,USA,Actor,184,png
1159,Thandie_Newton,F,1972,UK,Actor,160,png
1160,Theo_James,M,1984,UK,Actor,183,png
1161,Theo_Rossi,M,1975,USA,Actor,180,png
1162,Thomas_Dekker,M,1987,USA,Actor,175,png
1163,Thomas_Gibson,M,1962,USA,Actor,187,png
1164,Thomas_Haden_Church,M,1960,USA,Actor,183,png
1165,Thomas_Ian_Nicholas,M,1980,USA,Actor,173,png
1166,Thomas_Jane,M,1969,USA,Actor,180,png
1167,Thomas_Lennon,M,1970,USA,Actor,,png
1168,Tilda_Swinton,F,1960,UK,Actor,179,png
1169,Tim_Burton,M,1958,USA,Director,,png
1170,Tim_Daly,M,1956,USA,Actor,185,png
1171,Tim_Gunn,M,1953,USA,Broadcaster ,188,png
1172,Tim_Minchin,M,1975,Austrailia,Comedian,,png
1173,Timothy_Spall,M,1957,UK,Actor,,png
1174,Tinsel_Korey,F,1980,Canada,Actor,,png
1175,Titus_Welliver,M,1961,USA,Actor,182,png
1176,Toby_Jones,M,1966,UK,Actor,165,png
1177,Toby_Stephens,M,1969,UK,Actor,180,png
1178,Todd_Lasance,M,1985,Austrailia,Actor,,png
1179,Tom_Arnold,M,1959,USA,Actor,,png
1180,Tom_Bergeron,M,1955,USA,Broadcaster ,175,png
1181,Tom_Ford,M,1961,USA,Director,183,png
1182,Tom_Hiddleston,M,1981,UK,Actor,188,png
1183,Tom_Hooper,M,1972,UK,Director,,png
1184,Tom_Kenny,M,1962,USA,Actor,180,png
1185,Tom_Mison,M,1982,UK,Actor,185,png
1186,Tom_Selleck,M,1945,USA,Actor,192,png
1187,Tony_Curran,M,1969,UK,Actor,,png
1188,Tracey_Gold,F,1969,USA,Actor,,png
1189,Tracy_Morgan,M,1968,USA,Comedian,178,png
1190,Tristan_Wilds,M,1989,USA,Actor,182,png
1191,Troye_Sivan,M,1995,Austrailia,Actor,174,jpg
1192,Tupac_Shakur,M,1971,USA,Musician,,jpg
1193,Ty_Pennington,M,1964,USA,Actor,183,jpg
1194,Tye_Sheridan,M,1996,USA,Actor,171,jpg
1195,Tyler_Blackburn,M,1986,USA,Actor,179,jpg
1196,Tyler_Hoechlin,M,1987,USA,Actor,183,jpg
1197,Tyler_James_Williams,M,1992,USA,Actor,173,jpg
1198,Usher_Raymond,M,1978,USA,Musician,171,jpg
1199,Uzo_Aduba,F,1981,USA,Actor,,jpg
1200,Vanessa_Hudgens,F,1988,USA,Actor,155,jpg
1201,Vanessa_Lachey,F,1980,USA,Model,,jpg
1202,Vanessa_Marcil,F,1968,USA,Actor,163,jpg
1203,Vanilla_Ice,M,1967,USA,Musician,180,jpg
1204,Veronica_Ferres,F,1965,Germany,Actor,178,jpg
1205,Vicky_McClure,F,1983,England,Actor,,jpg
1206,Victoria_Justice,F,1993,USA,Musician,166,jpg
1207,Victoria_Rowell,F,1959,USA,Actor,170,jpg
1208,Vidya_Balan,F,1979,India,Actor,163,jpg
1209,Viggo_Mortensen,M,1958,Denmark,Actor,180,jpg
1210,Vince_Gilligan,M,1967,USA,Writer,,jpg
1211,Vincent_Cassel,M,1966,France,Actor,187,jpg
1212,Vincent_Martella,M,1992,USA,Actor,,jpg
1213,Vincent_Pastore,M,1946,USA,Actor,,jpg
1214,Violante_Placido,F,1976,Italy,Musician,,jpg
1215,Virginia_Madsen,F,1961,USA,Actor,,jpg
1216,Walter_Matthau,M,1920,USA,Actor,189,jpg
1217,Walton_Goggins,M,1971,USA,Actor,178,jpg
1218,Wanda_Sykes,F,1964,USA,Actor,,jpg
1219,Wendell_Pierce,M,1963,USA,Actor,,jpg
1220,Wendi_McLendon-Covey,F,1969,USA,Actor,172,jpg
1221,Wendy_Williams,F,1964,USA,Actor,180,jpg
1222,Wentworth_Miller,M,1972,England,Actor,185,jpg
1223,Wes_Bentley,M,1978,USA,Actor,180,jpg
1224,Wesley_Snipes,M,1962,USA,Actor,175,jpg
1225,Whitney_Cummings,F,1982,USA,Actor,180,jpg
1226,Will_Arnett,M,1970,Canada,Actor,189,jpg
1227,Will_Forte,M,1970,USA,Actor,175,jpg
1228,Will_Mellor,M,1976,England,Actor,,jpg
1229,Will_Poulter,M,1993,England,Actor,188,jpg
1230,Will_Yun_Lee,M,1971,USA,Actor,,jpg
1231,Willem_Dafoe,M,1955,USA,Actor,178,jpg
1232,William_Baldwin,M,1963,USA,Actor,187,jpg
1233,William_Fichtner,M,1956,USA,Actor,184,jpg
1234,William_Levy,M,1980,USA,Actor,183,jpg
1235,Wilson_Cruz,M,1973,USA,Actor,,jpg
1236,Wim_Wenders,M,1945,Germany,Director,,jpg
1237,Witney_Carson,F,1993,USA,Dancer,160,jpg
1238,Woody_Harrelson,M,1961,USA,Actor,178,jpg
1239,Xavier_Samuel,M,1983,Austrailia,Actor,179,jpg
1240,Yeardley_Smith,F,1964,USA,Actor,,jpg
1241,Yvette_Nicole_Brown,F,1971,USA,Actor,,jpg
1242,Zac_Efron,M,1987,USA,Actor,173,jpg
1243,Zach_Braff,M,1975,USA,Actor,183,jpg
1244,Zach_Galifianakis,M,1969,USA,Actor,170,jpg
1245,Zachary_Gordon,M,1998,USA,Actor,175,jpg
1246,Zachary_Levi,M,1980,USA,Actor,191,jpg
1247,Zachary_Quinto,M,1977,USA,Actor,188,jpg
1248,Zack_Snyder,M,1966,USA,Actor,170,jpg
1249,Zoe_Saldana,F,1978,USA,Actor,170,jpg
1250,Zulay_Henao,F,1979,Columbia,Actor,165,jpg